{"cameraMode":{"drawMode":0,"name":"Shaded","section":"Shading Mode"},"sceneLighting":true,"audioPlay":false,"sceneViewState":{"showFog":false,"showMaterialUpdate":false,"showSkybox":false,"showFlares":false,"showImageEffects":false,"showParticleSystems":false},"in2DMode":false,"pivot":{"x":-1.6934947967529297,"y":-4.05595064163208,"z":-6.469050407409668},"rotation":{"x":-0.2709161937236786,"y":0.6430326700210571,"z":-0.2611771821975708,"w":-0.6670103669166565},"size":7.479246139526367,"orthographic":false}